시장,종목명,종목코드
KOSDAQ,3S,060310
KOSDAQ,APS,054620
KOSDAQ,APS이노베이션,079810
KOSDAQ,CG인바이츠,083790
KOSDAQ,CJ프레시웨이,051500
KOSDAQ,CNT85,056730
KOSDAQ,CS,065770
KOSDAQ,CSA 코스믹,083660
KOSDAQ,DGI,099520
KOSDAQ,DH오토리드,290120
KOSDAQ,DH오토웨어,025440
KOSDAQ,DMS,068790
KOSDAQ,DSC인베스트먼트,241520
KOSDAQ,E8,418620
KOSDAQ,EDGC,245620
KOSDAQ,EG,037370
KOSDAQ,ES큐브,050120
KOSDAQ,FSN,214270
KOSDAQ,GC메디아이,032620
KOSDAQ,GRT,900290
KOSDAQ,GST,083450
KOSDAQ,HB인베스트먼트,440290
KOSDAQ,HB테크놀러지,078150
KOSDAQ,HC홈센타,060560
KOSDAQ,HEM파마,376270
KOSDAQ,HK이노엔,195940
KOSDAQ,HLB생명과학,067630
KOSDAQ,HLB이노베이션,024850
KOSDAQ,HLB제넥스,187420
KOSDAQ,HLB테라퓨틱스,115450
KOSDAQ,HLB파나진,046210
KOSDAQ,HLB펩,196300
KOSDAQ,ISC,095340
KOSDAQ,JTC,950170
KOSDAQ,JYP Ent.,035900
KOSDAQ,KBG,318000
KOSDAQ,KBI메탈,024840
KOSDAQ,KB오토시스,024120
KOSDAQ,KD,044180
KOSDAQ,KG이니시스,035600
KOSDAQ,KG파이낸셜,046440
KOSDAQ,KH바텍,060720
KOSDAQ,KNN,058400
KOSDAQ,KS인더스트리,101000
KOSDAQ,KX,122450
KOSDAQ,KX하이텍,052900
KOSDAQ,KZ정밀,036560
KOSDAQ,LB인베스트먼트,309960
KOSDAQ,LIG아큐버,073490
KOSDAQ,LK삼양,225190
KOSDAQ,LS머트리얼즈,417200
KOSDAQ,LS티라유텍,322180
KOSDAQ,M83,476080
KOSDAQ,MDS테크,086960
KOSDAQ,NE능률,053290
KOSDAQ,NHN KCP,060250
KOSDAQ,NHN벅스,104200
KOSDAQ,NICE인프라,063570
KOSDAQ,PN풍년,024940
KOSDAQ,PS일렉트로닉스,332570
KOSDAQ,RF머트리얼즈,327260
KOSDAQ,S&K폴리텍,091340
KOSDAQ,SAMG엔터,419530
KOSDAQ,SBI인베스트먼트,019550
KOSDAQ,SCL사이언스,246960
KOSDAQ,SDN,099220
KOSDAQ,SFA,056190
KOSDAQ,SFA넥셀,222080
KOSDAQ,SG,255220
KOSDAQ,SG&G,040610
KOSDAQ,SGC E&C,016250
KOSDAQ,SM C&C,048550
KOSDAQ,SM Life Design,063440
KOSDAQ,SOOP,067160
KOSDAQ,SV인베스트먼트,289080
KOSDAQ,SY동아,041930
KOSDAQ,THE E&M,089230
KOSDAQ,TS인베스트먼트,246690
KOSDAQ,TS트릴리온,317240
KOSDAQ,YTN,040300
KOSDAQ,YW,051390
KOSDAQ,가비아,079940
KOSDAQ,가온그룹,078890
KOSDAQ,가온칩스,399720
KOSDAQ,감성코퍼레이션,036620
KOSDAQ,강동씨앤엘,198440
KOSDAQ,경남스틸,039240
KOSDAQ,고려신용정보,049720
KOSDAQ,고영,098460
KOSDAQ,골드앤에스,035290
KOSDAQ,광무,029480
KOSDAQ,광진실업,026910
KOSDAQ,구영테크,053270
KOSDAQ,국보디자인,066620
KOSDAQ,국순당,043650
KOSDAQ,국영지앤엠,006050
KOSDAQ,국일신동,060480
KOSDAQ,국일제지,078130
KOSDAQ,국전,307750
KOSDAQ,그래디언트,035080
KOSDAQ,그래피,318060
KOSDAQ,그리드위즈,453450
KOSDAQ,그리티,204020
KOSDAQ,그린리소스,402490
KOSDAQ,그린생명과학,114450
KOSDAQ,그린플러스,186230
KOSDAQ,글로본,019660
KOSDAQ,금양그린파워,282720
KOSDAQ,금화피에스시,036190
KOSDAQ,기가비스,420770
KOSDAQ,꿈비,407400
KOSDAQ,나라셀라,405920
KOSDAQ,나라엠앤디,051490
KOSDAQ,나무가,190510
KOSDAQ,나무기술,242040
KOSDAQ,나우IB,293580
KOSDAQ,나이벡,138610
KOSDAQ,나이스디앤비,130580
KOSDAQ,나인앤컴퍼니,366030
KOSDAQ,나인테크,267320
KOSDAQ,내츄럴엔도텍,168330
KOSDAQ,네오리진,094860
KOSDAQ,네오셈,253590
KOSDAQ,네오오토,212560
KOSDAQ,네오위즈,095660
KOSDAQ,네오크레마,311390
KOSDAQ,네오티스,085910
KOSDAQ,네이블,153460
KOSDAQ,네이처셀,007390
KOSDAQ,네패스,033640
KOSDAQ,네패스아크,330860
KOSDAQ,넥사다이내믹스,351320
KOSDAQ,넥스턴앤롤코리아,089140
KOSDAQ,넥스트아이,137940
KOSDAQ,넥스트칩,396270
KOSDAQ,넥스틴,348210
KOSDAQ,넥써쓰,205500
KOSDAQ,넵튠,217270
KOSDAQ,노랑풍선,104620
KOSDAQ,노머스,473980
KOSDAQ,노바렉스,194700
KOSDAQ,노바텍,285490
KOSDAQ,노브랜드,145170
KOSDAQ,노을,376930
KOSDAQ,노타,486990
KOSDAQ,누리플랜,069140
KOSDAQ,누리플렉스,040160
KOSDAQ,누보,332290
KOSDAQ,뉴보텍,060260
KOSDAQ,뉴온,123840
KOSDAQ,뉴인텍,012340
KOSDAQ,뉴키즈온,462310
KOSDAQ,뉴트리,270870
KOSDAQ,뉴파워프라즈마,144960
KOSDAQ,뉴프렉스,085670
KOSDAQ,다날,064260
KOSDAQ,다보링크,340360
KOSDAQ,다산네트웍스,039560
KOSDAQ,다산디엠씨,208860
KOSDAQ,다산솔루에타,154040
KOSDAQ,다우데이타,032190
KOSDAQ,다원시스,068240
KOSDAQ,닷밀,464580
KOSDAQ,대동기어,008830
KOSDAQ,대동스틸,048470
KOSDAQ,대륙제관,004780
KOSDAQ,대림제지,017650
KOSDAQ,대모,317850
KOSDAQ,대보마그네틱,290670
KOSDAQ,대봉엘에스,078140
KOSDAQ,대산F&B,065150
KOSDAQ,대성미생물,036480
KOSDAQ,대성창투,027830
KOSDAQ,대성하이텍,129920
KOSDAQ,대아티아이,045390
KOSDAQ,대원,007680
KOSDAQ,대정화금,120240
KOSDAQ,대창스틸,140520
KOSDAQ,대한과학,131220
KOSDAQ,대호특수강,021040
KOSDAQ,대호특수강우,021045
KOSDAQ,더라미,032860
KOSDAQ,더블유씨피,393890
KOSDAQ,더블유에스아이,299170
KOSDAQ,더즌,462860
KOSDAQ,더코디,224060
KOSDAQ,더핑크퐁컴퍼니,403850
KOSDAQ,덕산네오룩스,213420
KOSDAQ,덕산테코피아,317330
KOSDAQ,덕산하이메탈,077360
KOSDAQ,덕신이피씨,090410
KOSDAQ,데브시스터즈,194480
KOSDAQ,데이원컴퍼니,373160
KOSDAQ,덴티스,261200
KOSDAQ,도우인시스,484120
KOSDAQ,동국S&C,100130
KOSDAQ,동국생명과학,303810
KOSDAQ,동국알앤에스,075970
KOSDAQ,동방메디컬,240550
KOSDAQ,동방선기,099410
KOSDAQ,동아엘텍,088130
KOSDAQ,동양에스텍,060380
KOSDAQ,동양이엔피,079960
KOSDAQ,동양파일,228340
KOSDAQ,동일기연,032960
KOSDAQ,동일스틸럭스,023790
KOSDAQ,동화기업,025900
KOSDAQ,듀오백,073190
KOSDAQ,드림시큐리티,203650
KOSDAQ,드림씨아이에스,223250
KOSDAQ,드림어스컴퍼니,060570
KOSDAQ,디모아,016670
KOSDAQ,디바이스,187870
KOSDAQ,디아이티,110990
KOSDAQ,디알젬,263690
KOSDAQ,디알텍,214680
KOSDAQ,디앤디파마텍,347850
KOSDAQ,디에스엠,104040
KOSDAQ,디에스케이,109740
KOSDAQ,디에이치엑스컴퍼니,031860
KOSDAQ,디에이피,066900
KOSDAQ,디엔에프,092070
KOSDAQ,디오,039840
KOSDAQ,디와이디,219550
KOSDAQ,디와이씨,310870
KOSDAQ,디와이피엔에프,104460
KOSDAQ,디지아이,043360
KOSDAQ,디지캡,197140
KOSDAQ,디지털대성,068930
KOSDAQ,디케이락,105740
KOSDAQ,디케이앤디,263020
KOSDAQ,디케이티,290550
KOSDAQ,디티씨,066670
KOSDAQ,디티앤씨,187220
KOSDAQ,디티앤씨알오,383930
KOSDAQ,딜리,131180
KOSDAQ,딥노이드,315640
KOSDAQ,딥커머스,900110
KOSDAQ,라닉스,317120
KOSDAQ,라메디텍,462510
KOSDAQ,라온텍,418420
KOSDAQ,라온피플,300120
KOSDAQ,라이온켐텍,171120
KOSDAQ,라이콤,388790
KOSDAQ,라파스,214260
KOSDAQ,램테크놀러지,171010
KOSDAQ,랩지노믹스,084650
KOSDAQ,러셀,217500
KOSDAQ,레드캡투어,038390
KOSDAQ,레메디,387690
KOSDAQ,레몬,294140
KOSDAQ,레이,228670
KOSDAQ,레이언스,228850
KOSDAQ,레이저쎌,412350
KOSDAQ,레이저옵텍,199550
KOSDAQ,레이크머티리얼즈,281740
KOSDAQ,로보로보,215100
KOSDAQ,로보스타,090360
KOSDAQ,로보티즈,108490
KOSDAQ,로스웰,900260
KOSDAQ,로지시스,067730
KOSDAQ,롤링스톤,214610
KOSDAQ,루미르,474170
KOSDAQ,루트K,195990
KOSDAQ,리드코프,012700
KOSDAQ,리센스메디컬,394420
KOSDAQ,리튬포어스,073570
KOSDAQ,리파인,377450
KOSDAQ,린드먼아시아,277070
KOSDAQ,링네트,042500
KOSDAQ,링크드,193250
KOSDAQ,링크제니시스,219420
KOSDAQ,마녀공장,439090
KOSDAQ,마니커에프앤지,195500
KOSDAQ,마키나락스,477850
KOSDAQ,매드업,0039P0
KOSDAQ,매커스,093520
KOSDAQ,머큐리,100590
KOSDAQ,멀티캠퍼스,067280
KOSDAQ,메가엠디,133750
KOSDAQ,메가터치,446540
KOSDAQ,메디아나,041920
KOSDAQ,메디앙스,014100
KOSDAQ,메디콕스,054180
KOSDAQ,메디포스트,078160
KOSDAQ,메쎄이상,408920
KOSDAQ,메쥬,0088M0
KOSDAQ,메지온,140410
KOSDAQ,메카로,241770
KOSDAQ,멕아이씨에스,058110
KOSDAQ,멤레이비티,072770
KOSDAQ,모니터랩,434480
KOSDAQ,모다이노칩,080420
KOSDAQ,모두투어,080160
KOSDAQ,모베이스,101330
KOSDAQ,모비데이즈,363260
KOSDAQ,모비릭스,348030
KOSDAQ,모아데이타,288980
KOSDAQ,모아텍,033200
KOSDAQ,모트렉스,118990
KOSDAQ,모티브링크,463480
KOSDAQ,모헨즈,006920
KOSDAQ,무림SP,001810
KOSDAQ,미래컴퍼니,049950
KOSDAQ,미스터블루,207760
KOSDAQ,미코,059090
KOSDAQ,미투온,201490
KOSDAQ,미트박스,475460
KOSDAQ,민테크,452200
KOSDAQ,바이넥스,053030
KOSDAQ,바이브컴퍼니,301300
KOSDAQ,바텍,043150
KOSDAQ,배럴,267790
KOSDAQ,백금T&A,046310
KOSDAQ,밸로프,331520
KOSDAQ,버넥트,438700
KOSDAQ,범한퓨얼셀,382900
KOSDAQ,베노티앤알,206400
KOSDAQ,베뉴지,019010
KOSDAQ,베셀,177350
KOSDAQ,벡트,457600
KOSDAQ,벨로크,424760
KOSDAQ,보라티알,250000
KOSDAQ,보로노이,310210
KOSDAQ,보성파워텍,006910
KOSDAQ,본느,226340
KOSDAQ,부방,014470
KOSDAQ,부스타,008470
KOSDAQ,브레인즈컴퍼니,099390
KOSDAQ,브리지텍,064480
KOSDAQ,브이씨,365900
KOSDAQ,브이엠,089970
KOSDAQ,브이원텍,251630
KOSDAQ,브이티,018290
KOSDAQ,블루엠텍,439580
KOSDAQ,블루콤,033560
KOSDAQ,비나텍,126340
KOSDAQ,비덴트,121800
KOSDAQ,비비씨,318410
KOSDAQ,비스토스,419540
KOSDAQ,비씨엔씨,146320
KOSDAQ,비아이매트릭스,413640
KOSDAQ,비아트론,141000
KOSDAQ,비에이치아이,083650
KOSDAQ,비엠티,086670
KOSDAQ,비츠로넥스텍,488900
KOSDAQ,비츠로셀,082920
KOSDAQ,비츠로시스,054220
KOSDAQ,비츠로테크,042370
KOSDAQ,비투엔,307870
KOSDAQ,비트맥스,377030
KOSDAQ,비트컴퓨터,032850
KOSDAQ,비트플래닛,049470
KOSDAQ,비피도,238200
KOSDAQ,빅솔론,093190
KOSDAQ,빌리언스,044480
KOSDAQ,삐아,451250
KOSDAQ,사람인,143240
KOSDAQ,산돌,419120
KOSDAQ,삼기,122350
KOSDAQ,삼륭물산,014970
KOSDAQ,삼목에스폼,018310
KOSDAQ,삼보판지,023600
KOSDAQ,삼양엔씨켐,482630
KOSDAQ,삼양컴텍,484590
KOSDAQ,삼양케이씨아이,036670
KOSDAQ,삼영에스앤씨,361670
KOSDAQ,삼영엠텍,054540
KOSDAQ,삼일,032280
KOSDAQ,삼일기업공사,002290
KOSDAQ,삼진,032750
KOSDAQ,삼진엘앤디,054090
KOSDAQ,삼천리자전거,024950
KOSDAQ,삼현,437730
KOSDAQ,삼화네트웍스,046390
KOSDAQ,상보,027580
KOSDAQ,상상인,038540
KOSDAQ,상신이디피,091580
KOSDAQ,상아프론테크,089980
KOSDAQ,새로닉스,042600
KOSDAQ,새빗켐,107600
KOSDAQ,샌즈랩,411080
KOSDAQ,샘씨엔에스,252990
KOSDAQ,샤페론,378800
KOSDAQ,서남,294630
KOSDAQ,서부T&D,006730
KOSDAQ,서산,079650
KOSDAQ,서울옥션,063170
KOSDAQ,서울평가정보,036120
KOSDAQ,서원인텍,093920
KOSDAQ,서전기전,189860
KOSDAQ,서진오토모티브,122690
KOSDAQ,서한,011370
KOSDAQ,서호전기,065710
KOSDAQ,석경에이티,357550
KOSDAQ,선광,003100
KOSDAQ,성광벤드,014620
KOSDAQ,성도이엔지,037350
KOSDAQ,성우,458650
KOSDAQ,성우테크론,045300
KOSDAQ,성원에너텍,340930
KOSDAQ,성일하이텍,365340
KOSDAQ,성창오토텍,080470
KOSDAQ,세경하이테크,148150
KOSDAQ,세동,053060
KOSDAQ,세림B&G,340440
KOSDAQ,세명전기,017510
KOSDAQ,세미티에스,0017J0
KOSDAQ,세미파이브,490470
KOSDAQ,세보엠이씨,011560
KOSDAQ,세아메카닉스,396300
KOSDAQ,세운메디칼,100700
KOSDAQ,세원물산,024830
KOSDAQ,세종메디칼,258830
KOSDAQ,세중,039310
KOSDAQ,세진티에스,067770
KOSDAQ,세코닉스,053450
KOSDAQ,세화피앤씨,252500
KOSDAQ,센코,347000
KOSDAQ,셀레믹스,331920
KOSDAQ,셀레스트라,352770
KOSDAQ,셀로맥스사이언스,471820
KOSDAQ,셀리드,299660
KOSDAQ,셀비온,308430
KOSDAQ,소노스퀘어,007720
KOSDAQ,소룩스,290690
KOSDAQ,손오공,066910
KOSDAQ,솔디펜스,215090
KOSDAQ,솔본,035610
KOSDAQ,솔트룩스,304100
KOSDAQ,솔트웨어,328380
KOSDAQ,쇼박스,086980
KOSDAQ,슈프리마,236200
KOSDAQ,슈프리마에이치큐,094840
KOSDAQ,슈피겐코리아,192440
KOSDAQ,스맥,099440
KOSDAQ,스모트로닉,066590
KOSDAQ,스코넥,276040
KOSDAQ,스타코링크,060240
KOSDAQ,스타플렉스,115570
KOSDAQ,스톤브릿지벤처스,330730
KOSDAQ,스톰테크,352090
KOSDAQ,스트라드비젼,475040
KOSDAQ,스페코,013810
KOSDAQ,스피어,347700
KOSDAQ,승일,049830
KOSDAQ,시공테크,020710
KOSDAQ,시그네틱스,033170
KOSDAQ,시너지이노베이션,048870
KOSDAQ,시노펙스,025320
KOSDAQ,시스웍,269620
KOSDAQ,시지트로닉스,429270
KOSDAQ,시큐레터,418250
KOSDAQ,시큐브,131090
KOSDAQ,신도기연,290520
KOSDAQ,신라에스지,025870
KOSDAQ,신성델타테크,065350
KOSDAQ,신성에스티,416180
KOSDAQ,신스틸,162300
KOSDAQ,신진에스엠,138070
KOSDAQ,신화인터텍,056700
KOSDAQ,신화콘텍,187270
KOSDAQ,신화프리텍,095190
KOSDAQ,심텍,222800
KOSDAQ,싸이맥스,160980
KOSDAQ,싸이버원,356890
KOSDAQ,썸에이지,208640
KOSDAQ,쎄노텍,222420
KOSDAQ,쎄크,081180
KOSDAQ,쎄트렉아이,099320
KOSDAQ,쏘닉스,088280
KOSDAQ,쏠리드,050890
KOSDAQ,쓰리빌리언,394800
KOSDAQ,쓰리에이로직스,177900
KOSDAQ,씨싸이트,109670
KOSDAQ,씨씨에스,066790
KOSDAQ,씨앤지하이테크,264660
KOSDAQ,씨앤투스,352700
KOSDAQ,씨어스,458870
KOSDAQ,씨에스베어링,297090
KOSDAQ,씨엑스아이,900120
KOSDAQ,씨엔알리서치,359090
KOSDAQ,씨엔플러스,115530
KOSDAQ,씨엠티엑스,388210
KOSDAQ,씨유메디칼,115480
KOSDAQ,씨유테크,376290
KOSDAQ,씨이랩,189330
KOSDAQ,씨큐브,101240
KOSDAQ,씨티케이,260930
KOSDAQ,아나패스,123860
KOSDAQ,아난티,025980
KOSDAQ,아로마티카,0015N0
KOSDAQ,아모그린텍,125210
KOSDAQ,아모센스,357580
KOSDAQ,아모텍,052710
KOSDAQ,아미노로직스,074430
KOSDAQ,아바코,083930
KOSDAQ,아바텍,149950
KOSDAQ,아세아텍,050860
KOSDAQ,아셈스,136410
KOSDAQ,아스타,246720
KOSDAQ,아스테라시스,450950
KOSDAQ,아스플로,159010
KOSDAQ,아시아경제,127710
KOSDAQ,아시아종묘,154030
KOSDAQ,아우딘퓨쳐스,227610
KOSDAQ,아우토크립트,331740
KOSDAQ,아이디스,143160
KOSDAQ,아이디피,332370
KOSDAQ,아이비김영,339950
KOSDAQ,아이비젼웍스,469750
KOSDAQ,아이센스,099190
KOSDAQ,아이씨디,040910
KOSDAQ,아이씨에이치,368600
KOSDAQ,아이씨티케이,456010
KOSDAQ,아이언디바이스,464500
KOSDAQ,아이에스티이,212710
KOSDAQ,아이에이,038880
KOSDAQ,아이엘,307180
KOSDAQ,아이엠비디엑스,461030
KOSDAQ,아이엠티,451220
KOSDAQ,아이오케이이엔엠,078860
KOSDAQ,아이윈,090150
KOSDAQ,아이즈비전,031310
KOSDAQ,아이지넷,462980
KOSDAQ,아이진,185490
KOSDAQ,아이컴포넌트,059100
KOSDAQ,아이퀘스트,262840
KOSDAQ,아이크래프트,052460
KOSDAQ,아이텍,119830
KOSDAQ,아이톡시,052770
KOSDAQ,아이티센엔텍,010280
KOSDAQ,아이티센피엔에스,232830
KOSDAQ,아이티아이즈,372800
KOSDAQ,아이티켐,309710
KOSDAQ,아이패밀리에스씨,114840
KOSDAQ,아즈텍WB,032080
KOSDAQ,아진엑스텍,059120
KOSDAQ,아톤,158430
KOSDAQ,아틀라스링크,297570
KOSDAQ,아티스트컴퍼니,321820
KOSDAQ,안랩,053800
KOSDAQ,알멕,354320
KOSDAQ,알비더블유,361570
KOSDAQ,알서포트,131370
KOSDAQ,알에스오토메이션,140670
KOSDAQ,알에프세미,096610
KOSDAQ,알에프텍,061040
KOSDAQ,알엔티엑스,123010
KOSDAQ,알지노믹스,476830
KOSDAQ,알체라,347860
KOSDAQ,알톤,123750
KOSDAQ,알트,459550
KOSDAQ,알티캐스트,085810
KOSDAQ,알파칩스,117670
KOSDAQ,압타머사이언스,291650
KOSDAQ,애니플러스,310200
KOSDAQ,애드포러스,397810
KOSDAQ,액스비스,0011A0
KOSDAQ,액트로,290740
KOSDAQ,앤디포스,238090
KOSDAQ,앤씨앤,092600
KOSDAQ,앱코,129890
KOSDAQ,앱클론,174900
KOSDAQ,앱토크롬,109960
KOSDAQ,앱튼,270520
KOSDAQ,야스,255440
KOSDAQ,양지사,030960
KOSDAQ,얼라인드,238120
KOSDAQ,에너토크,019990
KOSDAQ,에르코스,435570
KOSDAQ,에브리봇,270660
KOSDAQ,에스넷,038680
KOSDAQ,에스디생명공학,217480
KOSDAQ,에스비비테크,389500
KOSDAQ,에스씨디,042110
KOSDAQ,에스아이리소스,065420
KOSDAQ,에스앤더블류,103230
KOSDAQ,에스앤디,260970
KOSDAQ,에스에스알,275630
KOSDAQ,에스에이엠티,031330
KOSDAQ,에스에이티,060540
KOSDAQ,에스엔시스,0008Z0
KOSDAQ,에스엠,041510
KOSDAQ,에스엠씨지,460870
KOSDAQ,에스오에스랩,464080
KOSDAQ,에스와이,109610
KOSDAQ,에스와이스틸텍,365330
KOSDAQ,에스제이그룹,306040
KOSDAQ,에스켐,475660
KOSDAQ,에스코넥,096630
KOSDAQ,에스텍,069510
KOSDAQ,에스투더블유,488280
KOSDAQ,에스트래픽,234300
KOSDAQ,에스티아이,039440
KOSDAQ,에스티오,098660
KOSDAQ,에스티큐브,052020
KOSDAQ,에스팀,458350
KOSDAQ,에스폴리텍,050760
KOSDAQ,에스프리즘,288620
KOSDAQ,에스피지,058610
KOSDAQ,에쎈테크,043340
KOSDAQ,에어레인,163280
KOSDAQ,에이럭스,475580
KOSDAQ,에이루트,096690
KOSDAQ,에이비온,203400
KOSDAQ,에이스침대,003800
KOSDAQ,에이스테크,088800
KOSDAQ,에이스토리,241840
KOSDAQ,에이아이코리아,364950
KOSDAQ,에이에스텍,453860
KOSDAQ,에이에프더블류,312610
KOSDAQ,에이엘티,172670
KOSDAQ,에이유브랜즈,481070
KOSDAQ,에이직랜드,445090
KOSDAQ,에이치브이엠,295310
KOSDAQ,에이치시티,072990
KOSDAQ,에이치엔에스하이텍,044990
KOSDAQ,에이치엘사이언스,239610
KOSDAQ,에이치엠넥스,036170
KOSDAQ,에이치와이티씨,148930
KOSDAQ,에이치케이,044780
KOSDAQ,에이치피오,357230
KOSDAQ,에이텀,355690
KOSDAQ,에이텍,045660
KOSDAQ,에이텍모빌리티,224110
KOSDAQ,에이티넘인베스트,021080
KOSDAQ,에이팩트,200470
KOSDAQ,에이프로,262260
KOSDAQ,에치에프알,230240
KOSDAQ,에프알텍,073540
KOSDAQ,에프앤가이드,064850
KOSDAQ,에프에스티,036810
KOSDAQ,에프엔씨엔터,173940
KOSDAQ,에프엔에스테크,083500
KOSDAQ,에피소드컴퍼니,317530
KOSDAQ,엑셀세라퓨틱스,373110
KOSDAQ,엑셈,205100
KOSDAQ,엑스게이트,356680
KOSDAQ,엑스페릭스,317770
KOSDAQ,엑스플러스,373200
KOSDAQ,엑시온그룹,069920
KOSDAQ,엑시콘,092870
KOSDAQ,엔브이에이치코리아,067570
KOSDAQ,엔비알모션,0004V0
KOSDAQ,엔비티,236810
KOSDAQ,엔시스,333620
KOSDAQ,엔시트론,101400
KOSDAQ,엔알비,475230
KOSDAQ,엔에프씨,265740
KOSDAQ,엔젯,419080
KOSDAQ,엔지켐생명과학,183490
KOSDAQ,엔켐,348370
KOSDAQ,엔텔스,069410
KOSDAQ,엔투텍,227950
KOSDAQ,엔피,291230
KOSDAQ,엔피케이,048830
KOSDAQ,엘디티,096870
KOSDAQ,엘엠에스,073110
KOSDAQ,엘오티베큠,083310
KOSDAQ,엘컴텍,037950
KOSDAQ,엘케이켐,489500
KOSDAQ,엘티씨,170920
KOSDAQ,엠디바이스,226590
KOSDAQ,엠로,058970
KOSDAQ,엠브레인,169330
KOSDAQ,엠아이텍,179290
KOSDAQ,엠에스씨,009780
KOSDAQ,엠에프씨,432980
KOSDAQ,엠엑스온,347890
KOSDAQ,엠오티,413390
KOSDAQ,엠투엔,033310
KOSDAQ,엠플러스,259630
KOSDAQ,엣지파운드리,105550
KOSDAQ,영우디에스피,143540
KOSDAQ,예림당,036000
KOSDAQ,예선테크,250930
KOSDAQ,예스24,053280
KOSDAQ,예스티,122640
KOSDAQ,오가노이드사이언스,476040
KOSDAQ,오공,045060
KOSDAQ,오늘이엔엠,192410
KOSDAQ,오디텍,080520
KOSDAQ,오로라,039830
KOSDAQ,오르비텍,046120
KOSDAQ,오름테라퓨틱,475830
KOSDAQ,오리콤,010470
KOSDAQ,오비고,352910
KOSDAQ,오상자이엘,053980
KOSDAQ,오션인더블유,052300
KOSDAQ,오스테오닉,226400
KOSDAQ,오스템,031510
KOSDAQ,오아,342870
KOSDAQ,오에스피,368970
KOSDAQ,오텍,067170
KOSDAQ,오토앤,353590
KOSDAQ,오파스넷,173130
KOSDAQ,오픈놀,440320
KOSDAQ,오픈베이스,049480
KOSDAQ,올리패스,244460
KOSDAQ,올릭스,226950
KOSDAQ,옵트론텍,082210
KOSDAQ,옵티시스,109080
KOSDAQ,옵티코어,380540
KOSDAQ,와이랩,432430
KOSDAQ,와이솔,122990
KOSDAQ,와이씨,232140
KOSDAQ,와이씨켐,112290
KOSDAQ,와이어블,065530
KOSDAQ,와이엠,007530
KOSDAQ,와이엠씨,155650
KOSDAQ,와이엠텍,273640
KOSDAQ,와이엠티,251370
KOSDAQ,와이제이링크,209640
KOSDAQ,와이즈넛,096250
KOSDAQ,와이즈버즈,273060
KOSDAQ,와이지-원,019210
KOSDAQ,와토스코리아,079000
KOSDAQ,우리기술,032820
KOSDAQ,우리넷,115440
KOSDAQ,우리로,046970
KOSDAQ,우리손에프앤지,073560
KOSDAQ,우리엔터프라이즈,037400
KOSDAQ,우리이앤엘하루틴,153490
KOSDAQ,우림피티에스,101170
KOSDAQ,우양,103840
KOSDAQ,우양에이치씨,101970
KOSDAQ,우주일렉트로,065680
KOSDAQ,우진비앤지,018620
KOSDAQ,우진엔텍,457550
KOSDAQ,워트,396470
KOSDAQ,원익,032940
KOSDAQ,원익IPS,240810
KOSDAQ,원익QnC,074600
KOSDAQ,원익머트리얼즈,104830
KOSDAQ,원익큐브,014190
KOSDAQ,원익피앤이,217820
KOSDAQ,원일특강,012620
KOSDAQ,원일티엔아이,136150
KOSDAQ,원준,382840
KOSDAQ,원텍,336570
KOSDAQ,원티드랩,376980
KOSDAQ,원풍,008370
KOSDAQ,원풍물산,008290
KOSDAQ,월덱스,101160
KOSDAQ,웨이브일렉트로,095270
KOSDAQ,웨이비스,289930
KOSDAQ,웰크론,065950
KOSDAQ,웰크론한텍,076080
KOSDAQ,웰킵스하이텍,043590
KOSDAQ,웹스,196700
KOSDAQ,위너스일렉,479960
KOSDAQ,위닉스,044340
KOSDAQ,위드텍,348350
KOSDAQ,위세아이텍,065370
KOSDAQ,위즈코프,038620
KOSDAQ,위지트,036090
KOSDAQ,위츠,459100
KOSDAQ,윈스테크넷,136540
KOSDAQ,윈팩,097800
KOSDAQ,윈하이텍,192390
KOSDAQ,윙스풋,335870
KOSDAQ,윙입푸드,900340
KOSDAQ,유니셈,036200
KOSDAQ,유니슨,018000
KOSDAQ,유니크,011320
KOSDAQ,유니테크노,241690
KOSDAQ,유디엠텍,389680
KOSDAQ,유라클,088340
KOSDAQ,유라테크,048430
KOSDAQ,유비벨록스,089850
KOSDAQ,유비온,084440
KOSDAQ,유비쿼스,264450
KOSDAQ,유성티엔에스,024800
KOSDAQ,유신,054930
KOSDAQ,유아이디,069330
KOSDAQ,유아이엘,049520
KOSDAQ,유에스티,263770
KOSDAQ,유진기업,023410
KOSDAQ,유진테크,084370
KOSDAQ,유티아이,179900
KOSDAQ,유틸렉스,263050
KOSDAQ,육일씨엔에쓰,191410
KOSDAQ,윤성에프앤씨,372170
KOSDAQ,율촌,146060
KOSDAQ,이글루,067920
KOSDAQ,이글벳,044960
KOSDAQ,이노뎁,303530
KOSDAQ,이노메트리,302430
KOSDAQ,이노스페이스,462350
KOSDAQ,이노시뮬레이션,274400
KOSDAQ,이노에이엑스,296640
KOSDAQ,이노인스트루먼트,215790
KOSDAQ,이노진,344860
KOSDAQ,이노테나,333050
KOSDAQ,이노테크,469610
KOSDAQ,이녹스,088390
KOSDAQ,이니텍,053350
KOSDAQ,이닉스,452400
KOSDAQ,이랜시스,264850
KOSDAQ,이랜텍,054210
KOSDAQ,이렘,009730
KOSDAQ,이미지스,115610
KOSDAQ,이상네트웍스,080010
KOSDAQ,이수앱지스,086890
KOSDAQ,이스트에이드,239340
KOSDAQ,이씨에스,067010
KOSDAQ,이엔셀,456070
KOSDAQ,이엘씨,041520
KOSDAQ,이엘피,063760
KOSDAQ,이엠넷,123570
KOSDAQ,이엠앤아이,083470
KOSDAQ,이엠텍,091120
KOSDAQ,이오플로우,294090
KOSDAQ,이원컴포텍,088290
KOSDAQ,이지스,261520
KOSDAQ,이지케어텍,099750
KOSDAQ,이지트로닉스,377330
KOSDAQ,이크레더블,092130
KOSDAQ,이퓨쳐,134060
KOSDAQ,이화공영,001840
KOSDAQ,인베니아,079950
KOSDAQ,인벤테라,0007J0
KOSDAQ,인벤티지랩,389470
KOSDAQ,인성정보,033230
KOSDAQ,인스웨이브,450520
KOSDAQ,인스피언,465480
KOSDAQ,인지디스플레,037330
KOSDAQ,인콘,083640
KOSDAQ,인크레더블버즈,064090
KOSDAQ,인탑스,049070
KOSDAQ,인터로조,119610
KOSDAQ,인터엠,017250
KOSDAQ,인터플렉스,051370
KOSDAQ,인텔리안테크,189300
KOSDAQ,인투셀,287840
KOSDAQ,인티큐브,070590
KOSDAQ,일승,333430
KOSDAQ,일월지엠엘,178780
KOSDAQ,일지테크,019540
KOSDAQ,일진파워,094820
KOSDAQ,잉글우드랩,950140
KOSDAQ,자비스,254120
KOSDAQ,자이글,234920
KOSDAQ,자이언트스텝,289220
KOSDAQ,재영솔루텍,049630
KOSDAQ,저스템,417840
KOSDAQ,정다운,208140
KOSDAQ,정상제이엘에스,040420
KOSDAQ,정원엔시스,045510
KOSDAQ,제너셈,217190
KOSDAQ,제넥신,095700
KOSDAQ,제노레이,122310
KOSDAQ,제노코,361390
KOSDAQ,제놀루션,225220
KOSDAQ,제닉,123330
KOSDAQ,제로투세븐,159580
KOSDAQ,제룡전기,033100
KOSDAQ,제우스,079370
KOSDAQ,제이브이엠,054950
KOSDAQ,제이아이테크,417500
KOSDAQ,제이앤티씨,204270
KOSDAQ,제이에스링크,127120
KOSDAQ,제이에스티나,026040
KOSDAQ,제이엔비,452160
KOSDAQ,제이엘케이,322510
KOSDAQ,제이엠아이,033050
KOSDAQ,제이엠티,094970
KOSDAQ,제이오,418550
KOSDAQ,제이케이시냅스,060230
KOSDAQ,제이티,089790
KOSDAQ,제일엠앤에스,412540
KOSDAQ,제일일렉트릭,199820
KOSDAQ,제일테크노스,038010
KOSDAQ,젝시믹스,337930
KOSDAQ,젬백스,082270
KOSDAQ,져스텍,153890
KOSDAQ,조이시티,067000
KOSDAQ,조이웍스앤코,309930
KOSDAQ,졸스,018700
KOSDAQ,좋은사람들,033340
KOSDAQ,중앙에너비스,000440
KOSDAQ,지노믹트리,228760
KOSDAQ,지놈앤컴퍼니,314130
KOSDAQ,지니너스,389030
KOSDAQ,지니언스,263860
KOSDAQ,지니틱스,303030
KOSDAQ,지란지교시큐리티,208350
KOSDAQ,지슨,446840
KOSDAQ,지씨셀,144510
KOSDAQ,지씨지놈,340450
KOSDAQ,지아이에스,306620
KOSDAQ,지아이이노베이션,358570
KOSDAQ,지아이텍,382480
KOSDAQ,지에스이,053050
KOSDAQ,지에프씨생명과학,388610
KOSDAQ,지에프아이,493330
KOSDAQ,지엔코,065060
KOSDAQ,지오엘리먼트,311320
KOSDAQ,지투파워,388050
KOSDAQ,진로발효,018120
KOSDAQ,진매트릭스,109820
KOSDAQ,진성티이씨,036890
KOSDAQ,진영,285800
KOSDAQ,차이커뮤니케이션,351870
KOSDAQ,창해에탄올,004650
KOSDAQ,채비,0011T0
KOSDAQ,청보,013720
KOSDAQ,체리부로,066360
KOSDAQ,카나프테라퓨틱스,0082N0
KOSDAQ,카스,016920
KOSDAQ,카티스,140430
KOSDAQ,카페24,042000
KOSDAQ,캐리,313760
KOSDAQ,캐스텍코리아,071850
KOSDAQ,캐프,198080
KOSDAQ,캠시스,050110
KOSDAQ,캡스톤파트너스,452300
KOSDAQ,컨텍,451760
KOSDAQ,컬러레이,900310
KOSDAQ,컴퍼니케이,307930
KOSDAQ,케스피온,079190
KOSDAQ,케어랩스,263700
KOSDAQ,케이디켐,221980
KOSDAQ,케이사인,192250
KOSDAQ,케이쓰리아이,431190
KOSDAQ,케이씨에스,115500
KOSDAQ,케이씨티,089150
KOSDAQ,케이씨피드,025880
KOSDAQ,케이아이엔엑스,093320
KOSDAQ,케이알엠,093640
KOSDAQ,케이에스피,073010
KOSDAQ,케이엔더블유,105330
KOSDAQ,케이엔솔,053080
KOSDAQ,케이엔에스,432470
KOSDAQ,케이엔제이,272110
KOSDAQ,케이엘넷,039420
KOSDAQ,케이엠,083550
KOSDAQ,케이엠더블유,032500
KOSDAQ,케이옥션,102370
KOSDAQ,케이웨더,068100
KOSDAQ,케이이엠텍,106080
KOSDAQ,케이지에이,455180
KOSDAQ,케이티알파,036030
KOSDAQ,케이프,064820
KOSDAQ,케이피에프,024880
KOSDAQ,케이피엠테크,042040
KOSDAQ,케이피티유,054410
KOSDAQ,케일럼,258610
KOSDAQ,켐트로닉스,089010
KOSDAQ,켐트로스,220260
KOSDAQ,코나아이,052400
KOSDAQ,코닉오토메이션,391710
KOSDAQ,코다코,046070
KOSDAQ,코데즈컴바인,047770
KOSDAQ,코디,080530
KOSDAQ,코렌텍,104540
KOSDAQ,코리아나,027050
KOSDAQ,코리아에프티,123410
KOSDAQ,코맥스,036690
KOSDAQ,코메론,049430
KOSDAQ,코미코,183300
KOSDAQ,코세스,089890
KOSDAQ,코셈,360350
KOSDAQ,코스나인,082660
KOSDAQ,코스텍시스,355150
KOSDAQ,코아스템켐온,166480
KOSDAQ,코아시아,045970
KOSDAQ,코아시아씨엠,196450
KOSDAQ,코오롱생명과학,102940
KOSDAQ,코오롱티슈진,950160
KOSDAQ,코위버,056360
KOSDAQ,코윈테크,282880
KOSDAQ,코이즈,121850
KOSDAQ,코칩,126730
KOSDAQ,코콤,015710
KOSDAQ,코텍,052330
KOSDAQ,코퍼스코리아,322780
KOSDAQ,콜마비앤에이치,200130
KOSDAQ,쿠콘,294570
KOSDAQ,쿼드메디슨,464490
KOSDAQ,큐라클,365270
KOSDAQ,큐라티스,348080
KOSDAQ,큐렉소,060280
KOSDAQ,큐로셀,372320
KOSDAQ,큐리언트,115180
KOSDAQ,큐리오시스,494120
KOSDAQ,큐브엔터,182360
KOSDAQ,큐알티,405100
KOSDAQ,큐에스아이,066310
KOSDAQ,큐에이드,377460
KOSDAQ,크라우드웍스,355390
KOSDAQ,크레오에스지,040350
KOSDAQ,크리스에프앤씨,110790
KOSDAQ,크린앤사이언스,045520
KOSDAQ,클리오,237880
KOSDAQ,키네마스터,139670
KOSDAQ,키스트론,475430
KOSDAQ,키이스트,054780
KOSDAQ,킵스파마,256940
KOSDAQ,타이거일렉,219130
KOSDAQ,탑머티리얼,360070
KOSDAQ,태광,023160
KOSDAQ,태성,323280
KOSDAQ,태양,053620
KOSDAQ,태웅,044490
KOSDAQ,태웅로직스,124560
KOSDAQ,테고사이언스,191420
KOSDAQ,테라사이언스,073640
KOSDAQ,테크엘,064520
KOSDAQ,테크윙,089030
KOSDAQ,토모큐브,475960
KOSDAQ,토박스코리아,215480
KOSDAQ,토비스,051360
KOSDAQ,톱텍,108230
KOSDAQ,트루엔,417790
KOSDAQ,트윔,290090
KOSDAQ,티비씨,033830
KOSDAQ,티사이언티픽,057680
KOSDAQ,티쓰리,204610
KOSDAQ,티씨머티리얼즈,125020
KOSDAQ,티씨케이,064760
KOSDAQ,티앤엘,340570
KOSDAQ,티에스아이,277880
KOSDAQ,티에스이,131290
KOSDAQ,티에프이,425420
KOSDAQ,티엘비,356860
KOSDAQ,티이엠씨,425040
KOSDAQ,티이엠씨씨엔에스,241790
KOSDAQ,티케이지애강,022220
KOSDAQ,티플랙스,081150
KOSDAQ,팅크웨어,084730
KOSDAQ,파두,440110
KOSDAQ,파라택시스이더리움,290560
KOSDAQ,파라택시스코리아,288330
KOSDAQ,파라텍,033540
KOSDAQ,파루,043200
KOSDAQ,파버나인,177830
KOSDAQ,파세코,037070
KOSDAQ,파워넷,037030
KOSDAQ,파워로직스,047310
KOSDAQ,파이버프로,368770
KOSDAQ,파이오링크,170790
KOSDAQ,파이온엑스,900100
KOSDAQ,파인디앤씨,049120
KOSDAQ,파인디지털,038950
KOSDAQ,파인메딕스,387570
KOSDAQ,파인엠텍,441270
KOSDAQ,파인테크닉스,106240
KOSDAQ,파인텍,131760
KOSDAQ,파커스,065690
KOSDAQ,파트론,091700
KOSDAQ,판타지오,032800
KOSDAQ,팬스타엔터프라이즈,054300
KOSDAQ,팸텍,271830
KOSDAQ,펌텍코리아,251970
KOSDAQ,페스카로,0015S0
KOSDAQ,펨트론,168360
KOSDAQ,펩트론,087010
KOSDAQ,포니링크,064800
KOSDAQ,포메탈,119500
KOSDAQ,포바이포,389140
KOSDAQ,포스뱅크,105760
KOSDAQ,포시에스,189690
KOSDAQ,포커스에이아이,331380
KOSDAQ,포톤,208710
KOSDAQ,폰드그룹,472850
KOSDAQ,폴라리스세원,234100
KOSDAQ,폴라리스오피스,041020
KOSDAQ,폴라리스우노,114630
KOSDAQ,폴레드,487580
KOSDAQ,푸드나무,290720
KOSDAQ,푸드웰,005670
KOSDAQ,풍강,093380
KOSDAQ,풍국주정,023900
KOSDAQ,풍원정밀,371950
KOSDAQ,퓨런티어,370090
KOSDAQ,퓨릿,445180
KOSDAQ,퓨쳐켐,220100
KOSDAQ,프럼파스트,035200
KOSDAQ,프로이천,321260
KOSDAQ,프로텍,053610
KOSDAQ,프로티나,468530
KOSDAQ,프로티아,303360
KOSDAQ,프리엠스,053160
KOSDAQ,플라즈맵,405000
KOSDAQ,플래스크,041590
KOSDAQ,플래티어,367000
KOSDAQ,플랜티넷,075130
KOSDAQ,플레이디,237820
KOSDAQ,플레이위드,023770
KOSDAQ,플루토스,019570
KOSDAQ,플리토,300080
KOSDAQ,피노,033790
KOSDAQ,피델릭스,032580
KOSDAQ,피씨디렉트,051380
KOSDAQ,피아이이,452450
KOSDAQ,피앤씨테크,237750
KOSDAQ,피에스텍,002230
KOSDAQ,피에이치에이,043370
KOSDAQ,피엔에이치테크,239890
KOSDAQ,피엔티,137400
KOSDAQ,피엔티엠에스,257370
KOSDAQ,피엠티,147760
KOSDAQ,피제이메탈,128660
KOSDAQ,피코그램,376180
KOSDAQ,픽셀플러스,087600
KOSDAQ,핀텔,291810
KOSDAQ,필옵틱스,161580
KOSDAQ,핌스,347770
KOSDAQ,핑거,163730
KOSDAQ,핑거스토리,417180
KOSDAQ,하나기술,299030
KOSDAQ,하나머티리얼즈,166090
KOSDAQ,하림,136480
KOSDAQ,하스,450330
KOSDAQ,하이드로리튬,101670
KOSDAQ,하이딥,365590
KOSDAQ,하이로닉,149980
KOSDAQ,하이록코리아,013030
KOSDAQ,하이퍼코퍼레이션,065650
KOSDAQ,하츠,066130
KOSDAQ,한국경제TV,039340
KOSDAQ,한국기업평가,034950
KOSDAQ,한국맥널티,222980
KOSDAQ,한국비엔씨,256840
KOSDAQ,한국비티비,219750
KOSDAQ,한국알콜,017890
KOSDAQ,한국정보공학,039740
KOSDAQ,한국컴퓨터,054040
KOSDAQ,한국큐빅,021650
KOSDAQ,한국파마,032300
KOSDAQ,한국팩키지,037230
KOSDAQ,한국피아이엠,448900
KOSDAQ,한네트,052600
KOSDAQ,한라IMS,092460
KOSDAQ,한라캐스트,125490
KOSDAQ,한성크린텍,066980
KOSDAQ,한솔아이원스,114810
KOSDAQ,한싹,430690
KOSDAQ,한양디지텍,078350
KOSDAQ,한양이엔지,045100
KOSDAQ,한울앤제주,276730
KOSDAQ,한일단조,024740
KOSDAQ,한주라이트메탈,198940
KOSDAQ,한주에이알티,058450
KOSDAQ,한중엔시에스,107640
KOSDAQ,한컴위드,054920
KOSDAQ,한켐,457370
KOSDAQ,한탑,002680
KOSDAQ,한텍,098070
KOSDAQ,한패스,408470
KOSDAQ,해성옵틱스,076610
KOSDAQ,헝셩그룹,900270
KOSDAQ,헥토이노베이션,214180
KOSDAQ,헥토파이낸셜,234340
KOSDAQ,헬릭스미스,084990
KOSDAQ,현대무벡스,319400
KOSDAQ,현대에버다임,041440
KOSDAQ,현대에이치티,039010
KOSDAQ,현대이지웰,090850
KOSDAQ,현대힘스,460930
KOSDAQ,형지I&C,011080
KOSDAQ,홈캐스트,064240
KOSDAQ,화인써키트,127980
KOSDAQ,효성오앤비,097870
KOSDAQ,휴네시온,290270
KOSDAQ,휴럼,353190
KOSDAQ,휴림에이텍,078590
KOSDAQ,휴마시스,205470
KOSDAQ,휴맥스,115160
KOSDAQ,휴메딕스,200670
KOSDAQ,휴비츠,065510
KOSDAQ,휴엠앤씨,263920
KOSDAQ,휴온스,243070
KOSDAQ,희림,037440
KOSDAQ,힘스,238490
KOSPI,AJ네트웍스,095570
KOSPI,BGF,027410
KOSPI,BGF리테일,282330
KOSPI,BYC,001460
KOSPI,BYC우,001465
KOSPI,CJ,001040
KOSPI,CJ4우(전환),00104K
KOSPI,CJ씨푸드,011150
KOSPI,CJ씨푸드1우,011155
KOSPI,CJ우,001045
KOSPI,DB,012030
KOSPI,DH오토넥스,000300
KOSPI,DI동일,001530
KOSPI,DKME,015590
KOSPI,DL,000210
KOSPI,DL우,000215
KOSPI,DN오토모티브,007340
KOSPI,DRB동일,004840
KOSPI,DSR,155660
KOSPI,DSR제강,069730
KOSPI,DS단석,017860
KOSPI,DYP,092780
KOSPI,GKL,114090
KOSPI,GS,078930
KOSPI,GS우,078935
KOSPI,GS피앤엘,499790
KOSPI,HDC,012630
KOSPI,HDC랩스,039570
KOSPI,HDC현대EP,089470
KOSPI,HL D&I,014790
KOSPI,HS애드,035000
KOSPI,HS화성,002460
KOSPI,HS효성,487570
KOSPI,INVENI,015360
KOSPI,JW생명과학,234080
KOSPI,KBI동양철관,008970
KOSPI,KB발해인프라,415640
KOSPI,KCTC,009070
KOSPI,KC코트렐,119650
KOSPI,KEC,092220
KOSPI,KG스틸,016380
KOSPI,LG,003550
KOSPI,LG씨엔에스,064400
KOSPI,LG우,003555
KOSPI,LS,006260
KOSPI,LS ELECTRIC,010120
KOSPI,LS네트웍스,000680
KOSPI,LX하우시스,108670
KOSPI,LX하우시스우,108675
KOSPI,MH에탄올,023150
KOSPI,NAVER,035420
KOSPI,NC,036570
KOSPI,NHN,181710
KOSPI,NICE,034310
KOSPI,NICE평가정보,030190
KOSPI,NI스틸,008260
KOSPI,NPC,004250
KOSPI,NPC우,004255
KOSPI,PKC,001340
KOSPI,SB성보,003080
KOSPI,SG세계물산,004060
KOSPI,SHD,001770
KOSPI,SIMPAC,009160
KOSPI,SJG세종,033530
KOSPI,SJM,123700
KOSPI,SK,034730
KOSPI,SKC,011790
KOSPI,SK디스커버리,006120
KOSPI,SK디스커버리우,006125
KOSPI,SK디앤디,210980
KOSPI,SK스퀘어,402340
KOSPI,SK오션플랜트,100090
KOSPI,SK우,03473K
KOSPI,SK이터닉스,475150
KOSPI,SNT다이내믹스,003570
KOSPI,SNT모티브,064960
KOSPI,SP삼화,000390
KOSPI,STX,011810
KOSPI,STX엔진,077970
KOSPI,SUN&L,002820
KOSPI,SYTS,002170
KOSPI,TCC스틸,002710
KOSPI,TKG휴켐스,069260
KOSPI,TP,007980
KOSPI,TYM,002900
KOSPI,WISCOM,024070
KOSPI,YG PLUS,037270
KOSPI,강남제비스코,000860
KOSPI,강원랜드,035250
KOSPI,갤럭시아에스엠,011420
KOSPI,경농,002100
KOSPI,경동나비엔,009450
KOSPI,경동인베스트,012320
KOSPI,경방,000050
KOSPI,경인양행,012610
KOSPI,계양전기,012200
KOSPI,계양전기우,012205
KOSPI,고려제강,002240
KOSPI,광명전기,017040
KOSPI,교촌에프앤비,339770
KOSPI,극동유화,014530
KOSPI,금비,008870
KOSPI,금양,001570
KOSPI,금호에이치티,214330
KOSPI,금호전기,001210
KOSPI,기신정기,092440
KOSPI,깨끗한나라,004540
KOSPI,깨끗한나라우,004545
KOSPI,남선알미늄,008350
KOSPI,남선알미우,008355
KOSPI,남성,004270
KOSPI,넥센,005720
KOSPI,넥센우,005725
KOSPI,넥스틸,092790
KOSPI,다스코,058730
KOSPI,다우기술,023590
KOSPI,다이나믹디자인,145210
KOSPI,대덕,008060
KOSPI,대덕1우,00806K
KOSPI,대동,000490
KOSPI,대림바스,005750
KOSPI,대림통상,006570
KOSPI,대영포장,014160
KOSPI,대웅,003090
KOSPI,대원강업,000430
KOSPI,대원화성,024890
KOSPI,대창,012800
KOSPI,대창단조,015230
KOSPI,대한유화,006650
KOSPI,대한제강,084010
KOSPI,대한제당,001790
KOSPI,대한제당우,001795
KOSPI,대한제분,001130
KOSPI,대한화섬,003830
KOSPI,대현,016090
KOSPI,대호에이엘,069460
KOSPI,더본코리아,475560
KOSPI,덕성,004830
KOSPI,덕성우,004835
KOSPI,덴티움,145720
KOSPI,동국씨엠,460850
KOSPI,동방,004140
KOSPI,동방아그로,007590
KOSPI,동서,026960
KOSPI,동아에스티,170900
KOSPI,동아지질,028100
KOSPI,동양,001520
KOSPI,동양2우B,001527
KOSPI,동양고속,084670
KOSPI,동양생명,082640
KOSPI,동양우,001525
KOSPI,동인기연,111380
KOSPI,동일제강,002690
KOSPI,두산,000150
KOSPI,두산2우B,000157
KOSPI,두산우,000155
KOSPI,두산퓨얼셀,336260
KOSPI,두산퓨얼셀1우,33626K
KOSPI,두산퓨얼셀2우B,33626L
KOSPI,두올,016740
KOSPI,드림텍,192650
KOSPI,디씨엠,024090
KOSPI,디아이,003160
KOSPI,디아이씨,092200
KOSPI,디와이,013570
KOSPI,디와이덕양,024900
KOSPI,디와이에이,002880
KOSPI,디와이파워,210540
KOSPI,롯데렌탈,089860
KOSPI,롯데웰푸드,280360
KOSPI,롯데이노베이트,286940
KOSPI,마니커,027740
KOSPI,만호제강,001080
KOSPI,맥쿼리인프라,088980
KOSPI,맵스리얼티,094800
KOSPI,메타랩스,090370
KOSPI,메타케어,118000
KOSPI,모나리자,012690
KOSPI,모나미,005360
KOSPI,모나용평,070960
KOSPI,무림P&P,009580
KOSPI,무림페이퍼,009200
KOSPI,무학,033920
KOSPI,미래아이앤지,007120
KOSPI,미원에스씨,268280
KOSPI,방림,003610
KOSPI,백산,035150
KOSPI,범양건영,002410
KOSPI,벽산,007210
KOSPI,보락,002760
KOSPI,보해양조,000890
KOSPI,부산주공,005030
KOSPI,비비안,002070
KOSPI,비에이치,090460
KOSPI,산일전기,062040
KOSPI,삼립,005610
KOSPI,삼성E&A,028050
KOSPI,삼성SDI,006400
KOSPI,삼성SDI우,006405
KOSPI,삼성물산,028260
KOSPI,삼성물산우B,02826K
KOSPI,삼성생명,032830
KOSPI,삼성에스디에스,018260
KOSPI,삼성전기,009150
KOSPI,삼성전기우,009155
KOSPI,삼아알미늄,006110
KOSPI,삼양사,145990
KOSPI,삼양사우,145995
KOSPI,삼양패키징,272550
KOSPI,삼영,003720
KOSPI,삼익THK,004380
KOSPI,삼익악기,002450
KOSPI,삼일씨엔에스,004440
KOSPI,삼정펄프,009770
KOSPI,삼천리,004690
KOSPI,삼화왕관,004450
KOSPI,삼화전기,009470
KOSPI,삼화콘덴서,001820
KOSPI,상신브레이크,041650
KOSPI,새론오토모티브,075180
KOSPI,서울보증보험,031210
KOSPI,서원,021050
KOSPI,서흥,008490
KOSPI,선도전기,007610
KOSPI,선진,136490
KOSPI,성신양회,004980
KOSPI,성신양회우,004985
KOSPI,세방,004360
KOSPI,세방우,004365
KOSPI,세방전지,004490
KOSPI,세아제강,306200
KOSPI,세이브존I&C,067830
KOSPI,솔루엠,248070
KOSPI,스틱인베스트먼트,026890
KOSPI,시디즈,134790
KOSPI,시프트업,462870
KOSPI,신대양제지,016590
KOSPI,신도리코,029530
KOSPI,신라교역,004970
KOSPI,신성이엔지,011930
KOSPI,신영와코루,005800
KOSPI,신원,009270
KOSPI,신풍,002870
KOSPI,신흥,004080
KOSPI,쏘카,403550
KOSPI,씨아이테크,004920
KOSPI,씨에스윈드,112610
KOSPI,씨티알모빌리티,308170
KOSPI,아세아,002030
KOSPI,아세아제지,002310
KOSPI,아센디오,012170
KOSPI,아이마켓코리아,122900
KOSPI,아이에스동서,010780
KOSPI,아이티센씨티에스,031820
KOSPI,아주스틸,139990
KOSPI,알루코,001780
KOSPI,에넥스,011090
KOSPI,에스엠벡셀,010580
KOSPI,에스원,012750
KOSPI,에이엔피,015260
KOSPI,에이플러스에셋,244920
KOSPI,에이피알,278470
KOSPI,엔케이,085310
KOSPI,엘앤에프,066970
KOSPI,엠씨넥스,097520
KOSPI,영풍,000670
KOSPI,영흥,012160
KOSPI,오리온,271560
KOSPI,온타이드,005320
KOSPI,우성,006980
KOSPI,우성머티리얼스,011300
KOSPI,우진,105840
KOSPI,우진아이엔에스,010400
KOSPI,우진플라임,049800
KOSPI,웅진,016880
KOSPI,원림,005820
KOSPI,윌비스,008600
KOSPI,유니드,014830
KOSPI,유니드비티플러스,446070
KOSPI,유니온,000910
KOSPI,유니온머티리얼,047400
KOSPI,유니켐,011330
KOSPI,유니퀘스트,077500
KOSPI,유성기업,002920
KOSPI,유엔젤,072130
KOSPI,이노션,214320
KOSPI,이수페타시스,007660
KOSPI,이스타코,015020
KOSPI,이엔플러스,074610
KOSPI,이월드,084680
KOSPI,인디에프,014990
KOSPI,인터지스,129260
KOSPI,인팩,023810
KOSPI,일성아이에스,003120
KOSPI,일신방직,003200
KOSPI,일신석재,007110
KOSPI,일진다이아,081000
KOSPI,일진디스플,020760
KOSPI,일진하이솔루스,271940
KOSPI,잇츠한불,226320
KOSPI,자이에스앤디,317400
KOSPI,전방,000950
KOSPI,제이에스코퍼레이션,194370
KOSPI,제일기획,030000
KOSPI,조광피혁,004700
KOSPI,조비,001550
KOSPI,조일알미늄,018470
KOSPI,조흥,002600
KOSPI,주성코퍼레이션,109070
KOSPI,주연테크,044380
KOSPI,지누스,013890
KOSPI,지엠비코리아,013870
KOSPI,지역난방공사,071320
KOSPI,진도,088790
KOSPI,진양폴리,010640
KOSPI,진원생명과학,011000
KOSPI,진흥기업,002780
KOSPI,진흥기업2우B,002787
KOSPI,진흥기업우B,002785
KOSPI,천일고속,000650
KOSPI,체시스,033250
KOSPI,카프로,006380
KOSPI,케이비아이동국실업,001620
KOSPI,케이씨,029460
KOSPI,케이카,381970
KOSPI,코리아써우,007815
KOSPI,코리아써키트,007810
KOSPI,코리아써키트2우B,00781K
KOSPI,코리안리,003690
KOSPI,코아스,071950
KOSPI,코오롱,002020
KOSPI,코오롱우,002025
KOSPI,코오롱인더,120110
KOSPI,코오롱인더우,120115
KOSPI,코웨이,021240
KOSPI,콘텐트리중앙,036420
KOSPI,쿠쿠홈시스,284740
KOSPI,태경비케이,014580
KOSPI,태림포장,011280
KOSPI,태원물산,001420
KOSPI,테이팩스,055490
KOSPI,텔코웨어,078000
KOSPI,티에이치엔,019180
KOSPI,티엠씨,217590
KOSPI,파라다이스,034230
KOSPI,파미셀,005690
KOSPI,퍼시스,016800
KOSPI,페이퍼코리아,001020
KOSPI,프리티,006490
KOSPI,플레이그램,009810
KOSPI,하나투어,039130
KOSPI,하이스틸,071090
KOSPI,한국내화,010040
KOSPI,한국무브넥스,010100
KOSPI,한국수출포장,002200
KOSPI,한국앤컴퍼니,000240
KOSPI,한국제지,027970
KOSPI,한국종합기술,023350
KOSPI,한국주강,025890
KOSPI,한국주철관,000970
KOSPI,한국특강,007280
KOSPI,한농화성,011500
KOSPI,한미사이언스,008930
KOSPI,한샘,009240
KOSPI,한성기업,003680
KOSPI,한세실업,105630
KOSPI,한세엠케이,069640
KOSPI,한솔제지,213500
KOSPI,한솔테크닉스,004710
KOSPI,한솔홈데코,025750
KOSPI,한신공영,004960
KOSPI,한창,005110
KOSPI,한창제지,009460
KOSPI,한화,000880
KOSPI,한화3우B,00088K
KOSPI,한화갤러리아,452260
KOSPI,한화갤러리아우,45226K
KOSPI,한화비전,489790
KOSPI,한화생명,088350
KOSPI,한화엔진,082740
KOSPI,해성디에스,195870
KOSPI,핸즈코퍼레이션,143210
KOSPI,현대그린푸드,453340
KOSPI,현대로템,064350
KOSPI,현대리바트,079430
KOSPI,현대비앤지스틸,004560
KOSPI,현대엘리베이터,017800
KOSPI,현대오토에버,307950
KOSPI,현대코퍼레이션,011760
KOSPI,현대퓨처넷,126560
KOSPI,형지엘리트,093240
KOSPI,혜인,003010
KOSPI,호전실업,111110
KOSPI,화승알앤에이,378850
KOSPI,화승엔터프라이즈,241590
KOSPI,화승인더,006060
KOSPI,화승코퍼레이션,013520
KOSPI,화인베스틸,133820
KOSPI,황금에스티,032560
KOSPI,효성,004800
KOSPI,효성티앤씨,298020
KOSPI,후성,093370
KOSPI,휴니드,005870
KOSPI,휴비스,079980
KOSPI,휴스틸,005010
